{
  "generator-jhipster": {
    "promptValues": {
      "packageName": "com.ejemplo.app",
      "nativeLanguage": "es"
    },
    "jhipsterVersion": "6.10.4",
    "applicationType": "monolith",
    "baseName": "myApp3",
    "packageName": "com.ejemplo.app",
    "packageFolder": "com/ejemplo/app",
    "serverPort": "8080",
    "authenticationType": "session",
    "cacheProvider": "ehcache",
    "enableHibernateCache": true,
    "websocket": false,
    "databaseType": "sql",
    "devDatabaseType": "mysql",
    "prodDatabaseType": "mysql",
    "searchEngine": false,
    "messageBroker": false,
    "serviceDiscoveryType": false,
    "buildTool": "maven",
    "enableSwaggerCodegen": false,
    "rememberMeKey": "6feb7b396aa1edcee4037e3c061c53b59afe63b8bbb181d4bb4e9d35fe920fbf30d06622d561648678bdd3a05b64cc989f59",
    "embeddableLaunchScript": false,
    "useSass": true,
    "clientPackageManager": "npm",
    "clientFramework": "angularX",
    "clientTheme": "none",
    "clientThemeVariant": "",
    "creationTimestamp": 1603153981170,
    "testFrameworks": [],
    "jhiPrefix": "jhi",
    "entitySuffix": "",
    "dtoSuffix": "DTO",
    "otherModules": [],
    "enableTranslation": true,
    "nativeLanguage": "es",
    "languages": [
      "es",
      "en"
    ],
    "blueprints": [],
    "lastLiquibaseTimestamp": 1603159362000
  }
}
