{
  "fluentMethods": true,
  "clientRootFolder": "",
  "relationships": [
    {
      "relationshipName": "book",
      "otherEntityName": "book",
      "relationshipType": "one-to-many",
      "otherEntityRelationshipName": "author"
    }
  ],
  "fields": [
    {
      "fieldName": "name",
      "fieldType": "String",
      "fieldValidateRules": ["required"]
    },
    {
      "fieldName": "birthDate",
      "fieldType": "LocalDate"
    }
  ],
  "changelogDate": "20201020015800",
  "dto": "no",
  "searchEngine": false,
  "service": "serviceImpl",
  "entityTableName": "author",
  "databaseType": "sql",
  "readOnly": false,
  "jpaMetamodelFiltering": false,
  "pagination": "pagination"
}
