{
  "fluentMethods": true,
  "clientRootFolder": "",
  "relationships": [
    {
      "relationshipName": "author",
      "otherEntityName": "author",
      "relationshipType": "many-to-one",
      "otherEntityField": "name",
      "otherEntityRelationshipName": "book"
    }
  ],
  "fields": [
    {
      "fieldName": "title",
      "fieldType": "String",
      "fieldValidateRules": ["required"]
    },
    {
      "fieldName": "description",
      "fieldType": "String",
      "fieldValidateRules": ["required"]
    },
    {
      "fieldName": "publicationDate",
      "fieldType": "LocalDate"
    },
    {
      "fieldName": "price",
      "fieldType": "Integer",
      "fieldValidateRules": ["required", "min"],
      "fieldValidateRulesMin": "0"
    }
  ],
  "changelogDate": "20201020020242",
  "dto": "no",
  "searchEngine": false,
  "service": "serviceImpl",
  "entityTableName": "book",
  "databaseType": "sql",
  "readOnly": false,
  "jpaMetamodelFiltering": false,
  "pagination": "pagination"
}
