{
  "fluentMethods": true,
  "clientRootFolder": "",
  "relationships": [],
  "fields": [
    {
      "fieldName": "name",
      "fieldType": "String",
      "fieldValidateRules": ["required", "minlength"],
      "fieldValidateRulesMinlength": "8"
    },
    {
      "fieldName": "description",
      "fieldType": "String",
      "fieldValidateRules": ["required"]
    },
    {
      "fieldName": "price",
      "fieldType": "Integer",
      "fieldValidateRules": ["required", "min"],
      "fieldValidateRulesMin": "0"
    }
  ],
  "changelogDate": "20201020010716",
  "dto": "no",
  "searchEngine": false,
  "service": "serviceClass",
  "entityTableName": "product",
  "databaseType": "sql",
  "readOnly": false,
  "jpaMetamodelFiltering": false,
  "pagination": "pagination"
}
