id;name;description;price
1;Generic Steel Tuna;website calculating;57374
2;monetize Principal navigate;wireless Computer;76146
3;reboot deposit Sri Lanka Rupee;withdrawal Refined Metal Car Division;6255
4;Generic Metal Tuna;navigating Metical;43291
5;throughput;Union transmitting;27988
6;withdrawal Bedfordshire;Credit Card Account;51217
7;intranet;Ball Australian Dollar;4184
8;Business-focused;Computer Oklahoma Identity;20520
9;Security;Data Identity;58781
10;indigo Sports Human;Personal Loan Account yellow;5182
